종목코드,종목명,시장구분,업종명,종가,대비,등락률,시가총액
"095570","AJ네트웍스","KOSPI","일반서비스","4450","150","3.49","201374777550"
"006840","AK홀딩스","KOSPI","기타금융","12650","150","1.20","167581646650"
"027410","BGF","KOSPI","기타금융","4400","140","3.29","421153880400"
"282330","BGF리테일","KOSPI","유통","122700","-1000","-0.81","2120735266200"
"138930","BNK금융지주","KOSPI","기타금융","14440","40","0.28","4597458014360"
"001460","BYC","KOSPI","섬유·의류","42000","1050","2.56","262338300000"
"001465","BYC우","KOSPI","섬유·의류","24750","1200","5.10","53307787500"
"001040","CJ","KOSPI","기타금융","161300","4600","2.94","4706249777400"
"079160","CJ CGV","KOSPI","오락·문화","5460","60","1.11","904069540920"
"00104K","CJ4우(전환)","KOSPI","기타금융","131800","2300","1.78","557054281600"
"000120","CJ대한통운","KOSPI","운송·창고","93600","3900","4.35","2135235398400"
"011150","CJ씨푸드","KOSPI","음식료·담배","3035","10","0.33","109049896055"
"011155","CJ씨푸드1우","KOSPI","음식료·담배","17930","160","0.90","3586000000"
"001045","CJ우","KOSPI","기타금융","87600","3100","3.67","197995534800"
"097950","CJ제일제당","KOSPI","음식료·담배","254000","-4500","-1.74","3823763244000"
"097955","CJ제일제당 우","KOSPI","음식료·담배","149200","-400","-0.27","198053003600"
"000480","CR홀딩스","KOSPI","비금속","5570","40","0.72","261180029300"
"000590","CS홀딩스","KOSPI","기타금융","93300","3000","3.32","107713170600"
"012030","DB","KOSPI","IT 서비스","1497","53","3.67","301157377701"
"005830","DB손해보험","KOSPI","보험","133400","4900","3.81","9444720000000"
"016610","DB증권","KOSPI","증권","9180","470","5.40","389657851020"
"000990","DB하이텍","KOSPI","전기·전자","46100","-300","-0.65","2046774906800"
"000300","DH오토넥스","KOSPI","운송장비·부품","1984","0","0.00","162944308992"
"001530","DI동일","KOSPI","유통","42050","400","0.96","829039592350"
"015590","DKME","KOSPI","기계·장비","515","0","0.00","122045495160"
"000210","DL","KOSPI","화학","53000","300","0.57","1110661852000"
"000215","DL우","KOSPI","화학","27000","600","2.27","45525105000"
"375500","DL이앤씨","KOSPI","건설","49550","200","0.41","1917269019650"
"37550L","DL이앤씨2우(전환)","KOSPI","건설","34050","100","0.29","71911931550"
"37550K","DL이앤씨우","KOSPI","건설","22500","0","0.00","47562412500"
"007340","DN오토모티브","KOSPI","전기·전자","25250","150","0.60","1477399341250"
"004840","DRB동일","KOSPI","화학","5540","140","2.59","110412200000"
"155660","DSR","KOSPI","금속","4105","10","0.24","65680000000"
"069730","DSR제강","KOSPI","금속","3785","40","1.07","54504000000"
"017860","DS단석","KOSPI","화학","27500","250","0.92","483565830000"
"092780","DYP","KOSPI","운송장비·부품","4455","-40","-0.89","58665489300"
"017940","E1","KOSPI","유통","98100","5800","6.28","672966000000"
"365550","ESR켄달스퀘어리츠","KOSPI","부동산","4330","60","1.41","922675370000"
"383220","F&F","KOSPI","섬유·의류","81800","1100","1.36","3133518735000"
"007700","F&F홀딩스","KOSPI","기타금융","21050","600","2.93","823357425350"
"114090","GKL","KOSPI","오락·문화","17400","0","0.00","1076288658000"
"078930","GS","KOSPI","기타금융","53000","3100","6.21","4924515034000"
"006360","GS건설","KOSPI","건설","21400","450","2.15","1831443886000"
"001250","GS글로벌","KOSPI","유통","2745","20","0.73","226555182180"
"007070","GS리테일","KOSPI","유통","17380","220","1.28","1453096872700"
"078935","GS우","KOSPI","기타금융","46600","1600","3.56","83172891600"
"499790","GS피앤엘","KOSPI","기타금융","41450","500","1.22","821988359450"
"012630","HDC","KOSPI","기타금융","24550","1400","6.05","1466659250550"
"039570","HDC랩스","KOSPI","건설","9510","90","0.96","246856785510"
"089470","HDC현대EP","KOSPI","화학","4065","80","2.01","129673500000"
"294870","HDC현대산업개발","KOSPI","건설","23600","350","1.51","1555412988000"
"009540","HD한국조선해양","KOSPI","기타금융","327500","7000","2.18","23178195490000"
"267250","HD현대","KOSPI","기타금융","136200","1900","1.41","10758858177000"
"267270","HD현대건설기계","KOSPI","기계·장비","76700","1500","1.99","1354659216300"
"443060","HD현대마린솔루션","KOSPI","일반서비스","195600","5600","2.95","8768593476000"
"071970","HD현대마린엔진","KOSPI","기계·장비","47650","1750","3.81","1616359236750"
"010620","HD현대미포","KOSPI","운송장비·부품","185500","8200","4.62","7409268639500"
"322000","HD현대에너지솔루션","KOSPI","전기·전자","43200","100","0.23","483840000000"
"042670","HD현대인프라코어","KOSPI","기계·장비","11860","270","2.33","2284129639520"
"267260","HD현대일렉트릭","KOSPI","전기·전자","452000","1000","0.22","16293305020000"
"329180","HD현대중공업","KOSPI","운송장비·부품","395000","5500","1.41","35065380820000"
"097230","HJ중공업","KOSPI","건설","7470","20","0.27","622058879070"
"014790","HL D&I","KOSPI","건설","2810","85","3.12","106382668810"
"003580","HLB글로벌","KOSPI","유통","2605","30","1.17","131074685690"
"204320","HL만도","KOSPI","운송장비·부품","34350","150","0.44","1612977072000"
"060980","HL홀딩스","KOSPI","기타금융","42150","500","1.20","396373415550"
"011200","HMM","KOSPI","운송·창고","24750","700","2.91","25369727526000"
"035000","HS애드","KOSPI","일반서비스","8400","140","1.69","139166235600"
"002460","HS화성","KOSPI","건설","11500","60","0.52","116725000000"
"487570","HS효성","KOSPI","기타금융","77700","200","0.26","289504527900"
"298050","HS효성첨단소재","KOSPI","화학","209000","-1000","-0.48","936309132000"
"003560","IHQ","KOSPI","오락·문화","10760","0","0.00","76220934800"
"015360","INVENI","KOSPI","일반서비스","64800","3400","5.54","388800000000"
"175330","JB금융지주","KOSPI","기타금융","24000","150","0.63","4653791328000"
"234080","JW생명과학","KOSPI","제약","12700","310","2.50","201098835800"
"001060","JW중외제약","KOSPI","제약","22950","350","1.55","534412093500"
"001067","JW중외제약2우B","KOSPI","제약","63400","-100","-0.16","13312288200"
"001065","JW중외제약우","KOSPI","제약","29500","-200","-0.67","10087554500"
"096760","JW홀딩스","KOSPI","기타금융","3670","120","3.38","271304537140"
"105560","KB금융","KOSPI","기타금융","118400","-3600","-2.95","45165112995200"
"415640","KB발해인프라","KOSPI","기타금융","8080","-130","-1.58","990168027840"
"432320","KB스타리츠","KOSPI","부동산","4010","-20","-0.50","406671282850"
"002380","KCC","KOSPI","화학","356000","29500","9.04","3163583676000"
"344820","KCC글라스","KOSPI","비금속","34300","1300","3.94","547788561600"
"009070","KCTC","KOSPI","운송·창고","6000","-260","-4.15","180000000000"
"009440","KC그린홀딩스","KOSPI","기타금융","756","0","0.00","17568790596"
"119650","KC코트렐","KOSPI","기계·장비","918","0","0.00","100782913662"
"092220","KEC","KOSPI","전기·전자","790","-4","-0.50","158602881390"
"003620","KG모빌리티","KOSPI","운송장비·부품","3635","45","1.25","735632805120"
"016380","KG스틸","KOSPI","금속","6540","10","0.15","654058186380"
"001390","KG케미칼","KOSPI","화학","4920","70","1.44","336867676800"
"033180","KH 필룩스","KOSPI","전기·전자","5310","0","0.00","138166306200"
"001940","KISCO홀딩스","KOSPI","금속","28500","950","3.45","404026830000"
"025000","KPX케미칼","KOSPI","화학","51000","1000","2.00","246840000000"
"092230","KPX홀딩스","KOSPI","화학","73900","2200","3.07","312201339400"
"000040","KR모터스","KOSPI","운송장비·부품","428","3","0.71","25736867504"
"044450","KSS해운","KOSPI","운송·창고","10540","470","4.67","243325175200"
"030200","KT","KOSPI","통신","55600","-600","-1.07","14012405686000"
"033780","KT&G","KOSPI","음식료·담배","137400","2900","2.16","16771387087800"
"058850","KTcs","KOSPI","IT 서비스","2835","30","1.07","121011975000"
"058860","KTis","KOSPI","IT 서비스","2900","40","1.40","100925800000"
"093050","LF","KOSPI","섬유·의류","18790","300","1.62","549419600000"
"003550","LG","KOSPI","기타금융","82200","3300","4.18","12926045763000"
"034220","LG디스플레이","KOSPI","전기·전자","9280","120","1.31","4640000000000"
"051900","LG생활건강","KOSPI","화학","322000","-2000","-0.62","5029059434000"
"051905","LG생활건강우","KOSPI","화학","130500","300","0.23","274010458500"
"064400","LG씨엔에스","KOSPI","IT 서비스","81400","-100","-0.12","7886516167200"
"373220","LG에너지솔루션","KOSPI","전기·전자","305000","-2000","-0.65","71370000000000"
"003555","LG우","KOSPI","기타금융","64900","1200","1.88","195426815100"
"032640","LG유플러스","KOSPI","통신","14790","200","1.37","6457482029190"
"011070","LG이노텍","KOSPI","전기·전자","148600","600","0.41","3516932100200"
"066570","LG전자","KOSPI","전기·전자","73700","100","0.14","12060843891800"
"066575","LG전자우","KOSPI","전기·전자","37500","600","1.63","644474700000"
"037560","LG헬로비전","KOSPI","오락·문화","2980","50","1.71","230791657700"
"051910","LG화학","KOSPI","화학","260000","5500","2.16","18354009180000"
"051915","LG화학우","KOSPI","화학","133900","4900","3.80","1029530320000"
"079550","LIG넥스원","KOSPI","금속","569000","45000","8.59","12518000000000"
"006260","LS","KOSPI","기타금융","191100","6900","3.75","6153420000000"
"010120","LS ELECTRIC","KOSPI","전기·전자","272500","3000","1.11","8175000000000"
"000680","LS네트웍스","KOSPI","유통","4025","30","0.75","317182139400"
"229640","LS에코에너지","KOSPI","기타금융","32800","100","0.31","1004496031200"
"108320","LX세미콘","KOSPI","전기·전자","64000","-200","-0.31","1040915200000"
"001120","LX인터내셔널","KOSPI","유통","31000","700","2.31","1201560000000"
"108670","LX하우시스","KOSPI","화학","33400","850","2.61","299520178000"
"108675","LX하우시스우","KOSPI","화학","19110","90","0.47","19727826300"
"383800","LX홀딩스","KOSPI","기타금융","9840","110","1.13","750601989600"
"38380K","LX홀딩스1우","KOSPI","기타금융","9360","-10","-0.11","13715067600"
"023150","MH에탄올","KOSPI","음식료·담배","5400","30","0.56","39844040400"
"035420","NAVER","KOSPI","IT 서비스","254000","-4000","-1.55","40243000032000"
"181710","NHN","KOSPI","IT 서비스","29600","1300","4.59","999477240800"
"400760","NH올원리츠","KOSPI","부동산","3535","15","0.43","154719484080"
"005940","NH투자증권","KOSPI","증권","21850","950","4.55","7081285764250"
"005945","NH투자증권우","KOSPI","증권","19080","580","3.14","360058069440"
"338100","NH프라임리츠","KOSPI","부동산","4710","50","1.07","87888600000"
"034310","NICE","KOSPI","일반서비스","13750","300","2.23","510516077500"
"030190","NICE평가정보","KOSPI","IT 서비스","17000","650","3.98","1011612081000"
"008260","NI스틸","KOSPI","금속","3870","15","0.39","110682452790"
"004250","NPC","KOSPI","화학","4530","40","0.89","166341600000"
"004255","NPC우","KOSPI","화학","2685","75","2.87","14176800000"
"456040","OCI","KOSPI","화학","56000","-700","-1.23","501339720000"
"010060","OCI홀딩스","KOSPI","기타금융","81100","-3500","-4.14","1525889768700"
"178920","PI첨단소재","KOSPI","화학","18270","-40","-0.22","536522702940"
"001340","PKC","KOSPI","화학","6130","-20","-0.33","275349834910"
"005490","POSCO홀딩스","KOSPI","금속","312000","1000","0.32","25251081024000"
"010950","S-Oil","KOSPI","화학","63500","1800","2.92","7149007292000"
"010955","S-Oil우","KOSPI","화학","41000","900","2.24","164899007000"
"034120","SBS","KOSPI","오락·문화","22650","-500","-2.16","420185540700"
"003080","SB성보","KOSPI","화학","2770","0","0.00","55455400000"
"005090","SGC에너지","KOSPI","전기·가스","25900","350","1.37","373201724700"
"001380","SG글로벌","KOSPI","운송장비·부품","1740","-14","-0.80","78237608820"
"004060","SG세계물산","KOSPI","유통","346","3","0.87","70039036160"
"001770","SHD","KOSPI","금속","19430","130","0.67","23605079540"
"002360","SH에너지화학","KOSPI","화학","480","0","0.00","53344190400"
"009160","SIMPAC","KOSPI","금속","5140","70","1.38","336307712240"
"033530","SJG세종","KOSPI","운송장비·부품","4705","10","0.21","130897621505"
"123700","SJM","KOSPI","운송장비·부품","3620","45","1.26","56489730760"
"025530","SJM홀딩스","KOSPI","유통","3780","40","1.07","56450550240"
"034730","SK","KOSPI","기타금융","224000","15000","7.18","16240605472000"
"011790","SKC","KOSPI","화학","101400","-2700","-2.59","3839845417200"
"018670","SK가스","KOSPI","유통","286500","-1500","-0.52","2648762406000"
"001740","SK네트웍스","KOSPI","유통","4810","200","4.34","1064346708620"
"006120","SK디스커버리","KOSPI","기타금융","62700","1200","1.95","1150410508500"
"006125","SK디스커버리우","KOSPI","기타금융","44850","750","1.70","58863606750"
"210980","SK디앤디","KOSPI","부동산","10400","240","2.36","193620772800"
"395400","SK리츠","KOSPI","부동산","4805","40","0.84","1327087059070"
"302440","SK바이오사이언스","KOSPI","제약","47600","-400","-0.83","3730371302000"
"326030","SK바이오팜","KOSPI","일반서비스","93800","1100","1.19","7345782850000"
"402340","SK스퀘어","KOSPI","기타금융","181200","8300","4.80","24016403469600"
"361610","SK아이이테크놀로지","KOSPI","전기·전자","28250","450","1.62","2014156974000"
"100090","SK오션플랜트","KOSPI","금속","20400","-200","-0.97","1227678854400"
"03473K","SK우","KOSPI","기타금융","177700","9500","5.65","100602189500"
"096770","SK이노베이션","KOSPI","화학","116500","3300","2.92","17595551404000"
"096775","SK이노베이션우","KOSPI","화학","79000","900","1.15","98625654000"
"475150","SK이터닉스","KOSPI","건설","23600","-300","-1.26","796595391200"
"001510","SK증권","KOSPI","증권","749","36","5.05","353970038079"
"001515","SK증권우","KOSPI","증권","2370","140","6.28","9272658180"
"285130","SK케미칼","KOSPI","화학","72400","-100","-0.14","1249173889200"
"28513K","SK케미칼우","KOSPI","화학","29100","450","1.57","61558983900"
"017670","SK텔레콤","KOSPI","통신","55000","400","0.73","11813452915000"
"000660","SK하이닉스","KOSPI","전기·전자","281000","-1000","-0.35","204568664565000"
"003570","SNT다이내믹스","KOSPI","운송장비·부품","53300","4600","9.45","1772368750100"
"064960","SNT모티브","KOSPI","운송장비·부품","35450","1850","5.51","940852642400"
"100840","SNT에너지","KOSPI","기계·장비","37900","500","1.34","783801675700"
"036530","SNT홀딩스","KOSPI","기타금융","58800","4100","7.50","958668496800"
"005610","SPC삼립","KOSPI","음식료·담배","57000","500","0.88","491853513000"
"011810","STX","KOSPI","유통","3530","0","0.00","109493282310"
"465770","STX그린로지스","KOSPI","운송·창고","8290","50","0.61","59447855280"
"077970","STX엔진","KOSPI","기계·장비","20900","200","0.97","839094516700"
"002820","SUN&L","KOSPI","종이·목재","2860","-25","-0.87","36058848540"
"084870","TBH글로벌","KOSPI","섬유·의류","1344","74","5.83","28031564736"
"002710","TCC스틸","KOSPI","금속","17150","50","0.29","449564903550"
"069260","TKG휴켐스","KOSPI","화학","17600","450","2.62","719463148800"
"007980","TP","KOSPI","섬유·의류","1515","36","2.43","77530321950"
"002900","TYM","KOSPI","기계·장비","5230","80","1.55","235616499880"
"024070","WISCOM","KOSPI","화학","2040","35","1.75","31265933520"
"037270","YG PLUS","KOSPI","IT 서비스","9920","1030","11.59","629219747200"
"139130","iM금융지주","KOSPI","기타금융","14350","110","0.77","2387737153550"
"000500","가온전선","KOSPI","전기·전자","65900","1700","2.65","1090191278500"
"000860","강남제비스코","KOSPI","화학","12970","310","2.45","168610000000"
"035250","강원랜드","KOSPI","오락·문화","20300","320","1.60","4342992150000"
"011420","갤럭시아에스엠","KOSPI","오락·문화","2490","105","4.40","68598613560"
"002100","경농","KOSPI","화학","10000","0","0.00","195225750000"
"009450","경동나비엔","KOSPI","전기·전자","73100","400","0.55","1064964075200"
"267290","경동도시가스","KOSPI","전기·가스","22300","1200","5.69","131467553800"
"012320","경동인베스트","KOSPI","기타금융","65900","1400","2.17","155855015700"
"000050","경방","KOSPI","유통","8020","340","4.43","219870465400"
"214390","경보제약","KOSPI","제약","5030","50","1.00","120251505800"
"012610","경인양행","KOSPI","화학","3375","20","0.60","140455231875"
"009140","경인전자","KOSPI","전기·전자","20150","-150","-0.74","31651559550"
"013580","계룡건설","KOSPI","건설","20850","550","2.71","186209410950"
"012200","계양전기","KOSPI","기계·장비","1450","2","0.14","39473102050"
"012205","계양전기우","KOSPI","기계·장비","3470","15","0.43","4056704130"
"002140","고려산업","KOSPI","음식료·담배","2935","15","0.51","73197212375"
"010130","고려아연","KOSPI","금속","853000","-26000","-2.96","17079851869000"
"002240","고려제강","KOSPI","금속","18860","440","2.39","509220000000"
"009290","광동제약","KOSPI","제약","6440","470","7.87","337590280440"
"017040","광명전기","KOSPI","전기·전자","1807","-73","-3.88","78311070305"
"017900","광전자","KOSPI","전기·전자","2005","5","0.25","116177244815"
"037710","광주신세계","KOSPI","유통","32350","850","2.70","257415096500"
"030610","교보증권","KOSPI","증권","9570","460","5.05","1090625536770"
"339770","교촌에프앤비","KOSPI","유통","6010","-10","-0.17","300290130800"
"007690","국도화학","KOSPI","화학","38200","200","0.53","353763782400"
"001140","국보","KOSPI","운송·창고","2110","0","0.00","33456978680"
"002720","국제약품","KOSPI","제약","4905","-15","-0.30","103788975960"
"083420","그린케미칼","KOSPI","화학","7890","-10","-0.13","189360000000"
"014530","극동유화","KOSPI","화학","3585","55","1.56","125006870700"
"014280","금강공업","KOSPI","금속","4835","-30","-0.62","141807441095"
"014285","금강공업우","KOSPI","금속","7100","80","1.14","4188112500"
"008870","금비","KOSPI","비금속","60100","800","1.35","60100000000"
"001570","금양","KOSPI","화학","9900","0","0.00","633275240400"
"002990","금호건설","KOSPI","건설","3580","150","4.37","132448400800"
"002995","금호건설우","KOSPI","건설","12110","-90","-0.74","3539341260"
"011780","금호석유화학","KOSPI","화학","122500","7100","6.15","3241299407500"
"011785","금호석유화학우","KOSPI","화학","61900","2400","4.03","187153783400"
"214330","금호에이치티","KOSPI","운송장비·부품","726","-6","-0.82","155301659106"
"001210","금호전기","KOSPI","전기·전자","1091","-11","-1.00","67155410727"
"073240","금호타이어","KOSPI","화학","4905","-45","-0.91","1409011707735"
"092440","기신정기","KOSPI","기계·장비","2560","35","1.39","74752000000"
"000270","기아","KOSPI","운송장비·부품","99600","500","0.50","39608194147200"
"024110","기업은행","KOSPI","은행","20150","0","0.00","16068131260350"
"013700","까뮤이앤씨","KOSPI","건설","1125","13","1.17","67219683750"
"004540","깨끗한나라","KOSPI","종이·목재","2220","20","0.91","82674338460"
"004545","깨끗한나라우","KOSPI","종이·목재","12130","-40","-0.33","4441520800"
"001260","남광토건","KOSPI","건설","9190","-50","-0.54","90361336680"
"008350","남선알미늄","KOSPI","금속","1256","22","1.78","162123337040"
"008355","남선알미우","KOSPI","금속","13100","-80","-0.61","4033359000"
"004270","남성","KOSPI","유통","1112","1","0.09","40267921920"
"003920","남양유업","KOSPI","음식료·담배","67200","2400","3.70","412026451200"
"003925","남양유업우","KOSPI","음식료·담배","44550","1000","2.30","89100000000"
"025860","남해화학","KOSPI","화학","7770","20","0.26","386004610110"
"005720","넥센","KOSPI","화학","6720","190","2.91","359815525440"
"005725","넥센우","KOSPI","화학","4570","110","2.47","16454742000"
"002350","넥센타이어","KOSPI","화학","6350","-140","-2.16","620191018950"
"002355","넥센타이어1우B","KOSPI","화학","3430","10","0.29","22295000000"
"092790","넥스틸","KOSPI","금속","14990","-770","-4.89","389769980000"
"251270","넷마블","KOSPI","IT 서비스","62200","500","0.81","5346307824400"
"090350","노루페인트","KOSPI","화학","9350","120","1.30","187000000000"
"090355","노루페인트우","KOSPI","화학","15270","-260","-1.67","7071934020"
"000320","노루홀딩스","KOSPI","기타금융","25000","1750","7.53","332278775000"
"000325","노루홀딩스우","KOSPI","기타금융","35250","250","0.71","8585454750"
"006280","녹십자","KOSPI","제약","133500","500","0.38","1560152823000"
"005250","녹십자홀딩스","KOSPI","일반서비스","16540","430","2.67","777846593400"
"005257","녹십자홀딩스2우","KOSPI","일반서비스","33850","-500","-1.46","28636761500"
"004370","농심","KOSPI","음식료·담배","395500","1000","0.25","2405684911000"
"072710","농심홀딩스","KOSPI","기타금융","86700","1300","1.52","402096393000"
"058730","다스코","KOSPI","금속","3040","15","0.50","57142700640"
"030210","다올투자증권","KOSPI","증권","3805","20","0.53","231766758330"
"023590","다우기술","KOSPI","IT 서비스","39500","1450","3.81","1772231371500"
"145210","다이나믹디자인","KOSPI","기계·장비","925","2","0.22","33276665950"
"483650","달바글로벌","KOSPI","화학","223500","10000","4.68","2704610377500"
"019680","대교","KOSPI","일반서비스","2485","85","3.54","210486582250"
"019685","대교우B","KOSPI","일반서비스","1334","25","1.91","25915604660"
"006370","대구백화점","KOSPI","유통","6640","340","5.40","71855497040"
"008060","대덕","KOSPI","기타금융","8400","180","2.19","284677260000"
"00806K","대덕1우","KOSPI","기타금융","9500","10","0.11","11517391500"
"353200","대덕전자","KOSPI","전기·전자","17970","40","0.22","888022142250"
"35320K","대덕전자1우","KOSPI","전기·전자","8310","10","0.12","17413762890"
"000490","대동","KOSPI","기계·장비","10520","230","2.24","277650762160"
"008110","대동전자","KOSPI","전기·전자","15040","0","0.00","157776322880"
"005750","대림바스","KOSPI","비금속","4585","90","2.00","76442220400"
"006570","대림통상","KOSPI","금속","2850","20","0.71","43391250000"
"001680","대상","KOSPI","음식료·담배","23250","150","0.65","805566581250"
"001685","대상우","KOSPI","음식료·담배","17700","290","1.67","24252947100"
"084690","대상홀딩스","KOSPI","기타금융","11160","240","2.20","404131924080"
"084695","대상홀딩스우","KOSPI","기타금융","15610","-180","-1.14","14259454020"
"128820","대성산업","KOSPI","유통","5300","685","14.84","239748033400"
"117580","대성에너지","KOSPI","전기·가스","8650","80","0.93","237875000000"
"016710","대성홀딩스","KOSPI","일반서비스","10490","300","2.94","168778424910"
"003540","대신증권","KOSPI","증권","30200","3000","11.03","1533356680000"
"003547","대신증권2우B","KOSPI","증권","20600","1230","6.35","206000000000"
"003545","대신증권우","KOSPI","증권","22350","1850","9.02","581100000000"
"009190","대양금속","KOSPI","금속","1693","-6","-0.35","73125114125"
"014160","대영포장","KOSPI","종이·목재","1242","31","2.56","134626029858"
"047040","대우건설","KOSPI","건설","4175","75","1.83","1735224513650"
"003090","대웅","KOSPI","제약","27200","3700","15.74","1581461856000"
"069620","대웅제약","KOSPI","제약","162700","8800","5.72","1885135752500"
"000430","대원강업","KOSPI","운송장비·부품","3730","-30","-0.80","231260000000"
"006340","대원전선","KOSPI","전기·전자","3065","5","0.16","229811171375"
"006345","대원전선우","KOSPI","전기·전자","4045","45","1.13","10602754000"
"003220","대원제약","KOSPI","제약","13250","0","0.00","297165474750"
"024890","대원화성","KOSPI","화학","902","-1","-0.11","37206735104"
"002880","대유에이텍","KOSPI","운송장비·부품","1103","-5","-0.45","51558654060"
"012800","대창","KOSPI","금속","1446","58","4.18","131789161554"
"015230","대창단조","KOSPI","운송장비·부품","5770","70","1.23","164861767100"
"001070","대한방직","KOSPI","섬유·의류","7200","550","8.27","38160000000"
"006650","대한유화","KOSPI","화학","103400","2100","2.07","672100000000"
"001440","대한전선","KOSPI","전기·전자","16080","330","2.10","2998072584000"
"084010","대한제강","KOSPI","금속","18000","1670","10.23","421459146000"
"001790","대한제당","KOSPI","음식료·담배","3265","45","1.40","292859333700"
"001795","대한제당우","KOSPI","음식료·담배","2625","65","2.54","17017245000"
"001130","대한제분","KOSPI","음식료·담배","161900","5200","3.32","273611000000"
"003490","대한항공","KOSPI","운송·창고","23850","50","0.21","8782062764850"
"003495","대한항공우","KOSPI","운송·창고","24200","0","0.00","26881214800"
"005880","대한해운","KOSPI","운송·창고","1845","73","4.12","595468842300"
"003830","대한화섬","KOSPI","화학","143700","1200","0.84","190833600000"
"016090","대현","KOSPI","섬유·의류","1927","23","1.21","85332011370"
"069460","대호에이엘","KOSPI","금속","1880","39","2.12","127527970760"
"475560","더본코리아","KOSPI","유통","28050","-200","-0.71","413380143000"
"192080","더블유게임즈","KOSPI","IT 서비스","60700","3400","5.93","1304801494200"
"012510","더존비즈온","KOSPI","IT 서비스","80600","-500","-0.62","2448852390400"
"004830","덕성","KOSPI","화학","6100","60","0.99","95648000000"
"004835","덕성우","KOSPI","화학","8090","-20","-0.25","11261280000"
"145720","덴티움","KOSPI","의료·정밀기기","70700","8100","12.94","782566281000"
"002150","도화엔지니어링","KOSPI","일반서비스","6790","50","0.74","228958800000"
"460850","동국씨엠","KOSPI","금속","6780","30","0.44","202712887680"
"460860","동국제강","KOSPI","금속","11100","70","0.63","550648988700"
"001230","동국홀딩스","KOSPI","기타금융","8790","100","1.15","279526245570"
"023450","동남합성","KOSPI","화학","34750","-100","-0.29","121625000000"
"004140","동방","KOSPI","운송·창고","3200","-15","-0.47","153509651200"
"007590","동방아그로","KOSPI","화학","6320","30","0.48","86063086640"
"005960","동부건설","KOSPI","건설","5540","250","4.73","127124513020"
"005965","동부건설우","KOSPI","건설","19940","140","0.71","4501096080"
"026960","동서","KOSPI","유통","30900","600","1.98","3080730000000"
"002210","동성제약","KOSPI","제약","973","0","0.00","25900780311"
"102260","동성케미컬","KOSPI","화학","4380","35","0.81","219774344580"
"000640","동아쏘시오홀딩스","KOSPI","기타금융","121900","4300","3.66","796791304600"
"170900","동아에스티","KOSPI","제약","48700","100","0.21","455473811500"
"028100","동아지질","KOSPI","건설","16860","120","0.72","225747003720"
"001520","동양","KOSPI","비금속","690","30","4.55","164692003470"
"001527","동양2우B","KOSPI","비금속","9030","250","2.85","2786378070"
"084670","동양고속","KOSPI","운송·창고","8720","-270","-3.00","25249361680"
"082640","동양생명","KOSPI","보험","8190","-150","-1.80","1321526811150"
"001525","동양우","KOSPI","비금속","4280","140","3.38","2643888680"
"008970","동양철관","KOSPI","금속","1855","-107","-5.45","296432366825"
"049770","동원F&B","KOSPI","음식료·담배","44700","700","1.59","862514214000"
"018500","동원금속","KOSPI","운송장비·부품","1460","4","0.27","68262202180"
"006040","동원산업","KOSPI","기타금융","50500","1600","3.27","2001016242000"
"030720","동원수산","KOSPI","농업, 임업 및 어업","6360","90","1.44","29598199800"
"014820","동원시스템즈","KOSPI","화학","31600","-150","-0.47","916124511200"
"014825","동원시스템즈우","KOSPI","화학","18000","-140","-0.77","4753998000"
"111380","동인기연","KOSPI","섬유·의류","15840","0","0.00","97067520000"
"163560","동일고무벨트","KOSPI","화학","7350","50","0.68","102165000000"
"004890","동일산업","KOSPI","금속","46450","850","1.86","112651236750"
"002690","동일제강","KOSPI","금속","1645","-3","-0.18","33394092200"
"000020","동화약품","KOSPI","제약","6830","10","0.15","190771940100"
"000150","두산","KOSPI","기타금융","606000","5000","0.83","10013444010000"
"000157","두산2우B","KOSPI","기타금융","407000","-3000","-0.73","363466466000"
"454910","두산로보틱스","KOSPI","기계·장비","62600","1500","2.45","4057730748000"
"241560","두산밥캣","KOSPI","기계·장비","56600","1600","2.91","5425453279000"
"034020","두산에너빌리티","KOSPI","기계·장비","64400","-2200","-3.30","41252137802400"
"000155","두산우","KOSPI","기타금융","362500","-1500","-0.41","1448717475000"
"336260","두산퓨얼셀","KOSPI","전기·전자","22750","450","2.02","1489982266500"
"33626K","두산퓨얼셀1우","KOSPI","전기·전자","5830","110","1.92","77913286000"
"33626L","두산퓨얼셀2우B","KOSPI","전기·전자","10800","-150","-1.37","32252040000"
"016740","두올","KOSPI","운송장비·부품","3480","50","1.46","108941344320"
"192650","드림텍","KOSPI","전기·전자","6130","130","2.17","422295951330"
"024090","디씨엠","KOSPI","금속","14500","500","3.57","165300000000"
"003160","디아이","KOSPI","의료·정밀기기","14990","-300","-1.96","424217000000"
"092200","디아이씨","KOSPI","운송장비·부품","4335","0","0.00","168581946615"
"377190","디앤디플랫폼리츠","KOSPI","부동산","3195","5","0.16","282438000000"
"013570","디와이","KOSPI","기타금융","4680","65","1.41","123175882440"
"024900","디와이덕양","KOSPI","운송장비·부품","2540","-10","-0.39","82715049200"
"210540","디와이파워","KOSPI","기계·장비","12900","320","2.54","142438033200"
"032350","롯데관광개발","KOSPI","일반서비스","17950","0","0.00","1383876377150"
"089860","롯데렌탈","KOSPI","일반서비스","35050","950","2.79","1272644049400"
"330590","롯데리츠","KOSPI","부동산","3880","10","0.26","1121199269920"
"000400","롯데손해보험","KOSPI","보험","1903","22","1.17","590570016960"
"023530","롯데쇼핑","KOSPI","유통","79600","3400","4.46","2251784898000"
"020150","롯데에너지머티리얼즈","KOSPI","전기·전자","22150","-50","-0.23","1159895005450"
"280360","롯데웰푸드","KOSPI","음식료·담배","126100","2100","1.69","1173306781400"
"286940","롯데이노베이트","KOSPI","IT 서비스","23400","650","2.86","354027187800"
"004000","롯데정밀화학","KOSPI","화학","41100","300","0.74","1060380000000"
"004990","롯데지주","KOSPI","기타금융","35200","6100","20.96","3692805142400"
"00499K","롯데지주우","KOSPI","기타금융","37150","4450","13.61","29928151450"
"005300","롯데칠성","KOSPI","음식료·담배","130000","-400","-0.31","1206254920000"
"005305","롯데칠성우","KOSPI","음식료·담배","77400","500","0.65","60008994000"
"011170","롯데케미칼","KOSPI","화학","66500","0","0.00","2844565363500"
"071840","롯데하이마트","KOSPI","유통","9240","240","2.67","218135258880"
"027740","마니커","KOSPI","음식료·담배","968","24","2.54","61478868704"
"357430","마스턴프리미어리츠","KOSPI","부동산","1412","15","1.07","43073493484"
"001080","만호제강","KOSPI","금속","26350","500","1.93","109352500000"
"088980","맥쿼리인프라","KOSPI","기타금융","11570","80","0.70","5541127459010"
"094800","맵스리얼티1","KOSPI","기타금융","4525","95","2.14","420075347775"
"138040","메리츠금융지주","KOSPI","기타금융","117000","1600","1.39","21061693341000"
"090370","메타랩스","KOSPI","섬유·의류","1391","7","0.51","34642422399"
"118000","메타케어","KOSPI","유통","337","5","1.51","55529971668"
"017180","명문제약","KOSPI","제약","1660","-10","-0.60","56362733640"
"009900","명신산업","KOSPI","운송장비·부품","8210","-20","-0.24","430779791930"
"012690","모나리자","KOSPI","종이·목재","2720","-5","-0.18","99473813600"
"005360","모나미","KOSPI","유통","2170","35","1.64","41007156190"
"070960","모나용평","KOSPI","일반서비스","4975","-25","-0.50","239463331675"
"009680","모토닉","KOSPI","운송장비·부품","11260","730","6.93","315843000000"
"009580","무림P&P","KOSPI","종이·목재","2860","45","1.60","178373406640"
"009200","무림페이퍼","KOSPI","종이·목재","2220","50","2.30","92372668200"
"033920","무학","KOSPI","음식료·담배","8510","340","4.16","242535000000"
"008420","문배철강","KOSPI","금속","2445","-10","-0.41","50131069725"
"025560","미래산업","KOSPI","의료·정밀기기","665","0","0.00","47695445210"
"007120","미래아이앤지","KOSPI","IT 서비스","1022","11","1.09","29513937376"
"396690","미래에셋글로벌리츠","KOSPI","부동산","2750","25","0.92","108916335000"
"357250","미래에셋맵스리츠","KOSPI","부동산","2750","5","0.18","68736538750"
"085620","미래에셋생명","KOSPI","보험","7400","510","7.40","1309919798600"
"006800","미래에셋증권","KOSPI","증권","22100","1400","6.76","12603992616800"
"00680K","미래에셋증권2우B","KOSPI","증권","9200","470","5.38","1265000000000"
"006805","미래에셋증권우","KOSPI","증권","9620","480","5.25","135408715000"
"081660","미스토홀딩스","KOSPI","유통","37600","200","0.53","2259603546400"
"002840","미원상사","KOSPI","화학","162300","600","0.37","770925000000"
"268280","미원에스씨","KOSPI","화학","145500","300","0.21","727500000000"
"107590","미원홀딩스","KOSPI","기타금융","77400","100","0.13","179568000000"
"134380","미원화학","KOSPI","화학","77700","0","0.00","170883123600"
"003650","미창석유","KOSPI","화학","113900","3700","3.36","198148640800"
"377740","바이오노트","KOSPI","제약","5250","10","0.19","535794252000"
"003610","방림","KOSPI","섬유·의류","4485","90","2.05","180306678630"
"035150","백산","KOSPI","화학","15430","100","0.65","327887500000"
"002410","범양건영","KOSPI","건설","1935","0","0.00","53173451700"
"007210","벽산","KOSPI","비금속","2370","145","6.52","158458200000"
"002760","보락","KOSPI","화학","1047","5","0.48","62715300000"
"003850","보령","KOSPI","제약","8440","50","0.60","724044027080"
"000890","보해양조","KOSPI","음식료·담배","487","6","1.25","67751502823"
"003000","부광약품","KOSPI","제약","3595","45","1.27","246094542245"
"001270","부국증권","KOSPI","증권","60600","13950","29.90","628415091600"
"001275","부국증권우","KOSPI","증권","31600","3950","14.29","94800000000"
"026940","부국철강","KOSPI","금속","2350","-25","-1.05","47000000000"
"011390","부산산업","KOSPI","비금속","99700","900","0.91","105283200000"
"005030","부산주공","KOSPI","운송장비·부품","486","0","0.00","38288532168"
"002070","비비안","KOSPI","섬유·의류","797","-3","-0.38","36021273369"
"100220","비상교육","KOSPI","오락·문화","7200","100","1.41","93576535200"
"090460","비에이치","KOSPI","전기·전자","12660","50","0.40","436319038140"
"005180","빙그레","KOSPI","음식료·담배","93600","2800","3.08","894413800800"
"003960","사조대림","KOSPI","음식료·담배","45700","3450","8.17","418816141900"
"008040","사조동아원","KOSPI","음식료·담배","1190","10","0.85","167962074000"
"007160","사조산업","KOSPI","음식료·담배","56500","1900","3.48","282500000000"
"014710","사조씨푸드","KOSPI","음식료·담배","8740","-80","-0.91","150490065820"
"006090","사조오양","KOSPI","음식료·담배","10780","20","0.19","101577126420"
"062040","산일전기","KOSPI","전기·전자","91700","1500","1.66","2791824840000"
"001470","삼부토건","KOSPI","건설","347","0","0.00","79699592928"
"028050","삼성E&A","KOSPI","일반서비스","25000","1300","5.49","4900000000000"
"448730","삼성FN리츠","KOSPI","부동산","4610","0","0.00","419740500000"
"006400","삼성SDI","KOSPI","전기·전자","170100","-4900","-2.80","13707598653000"
"006405","삼성SDI우","KOSPI","전기·전자","109500","-1900","-1.71","177159612000"
"006660","삼성공조","KOSPI","운송장비·부품","14250","120","0.85","115799974500"
"028260","삼성물산","KOSPI","유통","170700","4100","2.46","29014996060800"
"02826K","삼성물산우B","KOSPI","유통","123000","2200","1.82","180513570000"
"207940","삼성바이오로직스","KOSPI","제약","1018000","5000","0.49","72455132000000"
"032830","삼성생명","KOSPI","보험","133000","2600","1.99","26600000000000"
"018260","삼성에스디에스","KOSPI","IT 서비스","166500","2200","1.34","12883403700000"
"009150","삼성전기","KOSPI","전기·전자","135400","-1300","-0.95","10113526438400"
"009155","삼성전기우","KOSPI","전기·전자","62500","100","0.16","181686500000"
"005930","삼성전자","KOSPI","전기·전자","60400","-1000","-1.63","357546130488800"
"005935","삼성전자우","KOSPI","전기·전자","50500","-1000","-1.94","41206720532000"
"001360","삼성제약","KOSPI","제약","1699","18","1.07","159981372221"
"010140","삼성중공업","KOSPI","운송장비·부품","17770","450","2.60","15637600000000"
"016360","삼성증권","KOSPI","증권","75700","2300","3.13","6760010000000"
"068290","삼성출판사","KOSPI","오락·문화","18280","160","0.88","182800000000"
"029780","삼성카드","KOSPI","기타금융","52900","300","0.57","6128935333900"
"000810","삼성화재","KOSPI","보험","478500","15500","3.35","22016337667500"
"000815","삼성화재우","KOSPI","보험","340000","10000","3.03","1053833400000"
"006110","삼아알미늄","KOSPI","금속","18300","150","0.83","269228062800"
"145990","삼양사","KOSPI","음식료·담배","58400","1500","2.64","602305421600"
"145995","삼양사우","KOSPI","음식료·담배","38800","650","1.70","14358716000"
"003230","삼양식품","KOSPI","음식료·담배","1479000","43000","2.99","11141329185000"
"002170","삼양통상","KOSPI","섬유·의류","58900","2700","4.80","176700000000"
"272550","삼양패키징","KOSPI","화학","14160","170","1.22","217086549360"
"000070","삼양홀딩스","KOSPI","기타금융","95800","5200","5.74","834448751800"
"000075","삼양홀딩스우","KOSPI","기타금융","93000","3700","4.14","14694744000"
"003720","삼영","KOSPI","화학","3790","30","0.80","128860000000"
"002810","삼영무역","KOSPI","유통","18050","680","3.91","333328411400"
"005680","삼영전자","KOSPI","전기·전자","11330","160","1.43","226600000000"
"023000","삼원강재","KOSPI","운송장비·부품","2585","10","0.39","103400000000"
"004380","삼익THK","KOSPI","기계·장비","9960","0","0.00","209160000000"
"002450","삼익악기","KOSPI","기타제조","1366","32","2.40","123665229890"
"004440","삼일씨엔에스","KOSPI","비금속","5050","10","0.20","64296332350"
"000520","삼일제약","KOSPI","제약","10390","250","2.47","225377916290"
"009770","삼정펄프","KOSPI","종이·목재","30600","550","1.83","76499112600"
"005500","삼진제약","KOSPI","제약","20150","560","2.86","280085000000"
"004690","삼천리","KOSPI","전기·가스","158300","9500","6.38","641910457500"
"010960","삼호개발","KOSPI","건설","3615","115","3.29","90375000000"
"004450","삼화왕관","KOSPI","금속","38000","900","2.43","81866402000"
"009470","삼화전기","KOSPI","전기·전자","28700","250","0.88","189816634000"
"011230","삼화전자","KOSPI","전기·전자","5480","70","1.29","92626796000"
"001820","삼화콘덴서","KOSPI","전기·전자","25600","-50","-0.19","266112000000"
"000390","삼화페인트","KOSPI","화학","6200","10","0.16","168661507800"
"001290","상상인증권","KOSPI","증권","809","94","13.15","87644730080"
"041650","상신브레이크","KOSPI","운송장비·부품","2940","-15","-0.51","63126063000"
"075180","새론오토모티브","KOSPI","운송장비·부품","3450","40","1.17","66240000000"
"007540","샘표","KOSPI","기타금융","51500","5500","11.96","148103700000"
"248170","샘표식품","KOSPI","음식료·담배","27600","650","2.41","126084693600"
"007860","서연","KOSPI","기타금융","10950","270","2.53","257104291800"
"200880","서연이화","KOSPI","운송장비·부품","12320","90","0.74","332990343840"
"017390","서울가스","KOSPI","전기·가스","63800","3300","5.45","319000000000"
"031210","서울보증보험","KOSPI","보험","43200","750","1.77","3016293033600"
"004410","서울식품","KOSPI","음식료·담배","165","-2","-1.20","61834667235"
"004415","서울식품우","KOSPI","음식료·담배","1260","11","0.88","2802870000"
"021050","서원","KOSPI","금속","1381","38","2.83","65562408790"
"008490","서흥","KOSPI","화학","20750","200","0.97","240059094750"
"007610","선도전기","KOSPI","전기·전자","3000","0","0.00","54000000000"
"136490","선진","KOSPI","음식료·담배","13230","280","2.16","314604160920"
"014910","성문전자","KOSPI","전기·전자","1225","1","0.08","27514706625"
"014915","성문전자우","KOSPI","전기·전자","4610","15","0.33","2766000000"
"004980","성신양회","KOSPI","비금속","9640","160","1.69","236334943720"
"004985","성신양회우","KOSPI","비금속","12000","40","0.33","8827740000"
"011300","성안머티리얼스","KOSPI","섬유·의류","451","1","0.22","70183571425"
"000180","성창기업지주","KOSPI","일반서비스","1695","10","0.59","118228962000"
"002420","세기상사","KOSPI","유통","5480","-40","-0.72","32715315040"
"004360","세방","KOSPI","운송·창고","15970","380","2.44","308359779300"
"004365","세방우","KOSPI","운송·창고","10770","0","0.00","39733222500"
"004490","세방전지","KOSPI","전기·전자","70800","1500","2.16","991200000000"
"001430","세아베스틸지주","KOSPI","금속","32300","100","0.31","1158346443700"
"306200","세아제강","KOSPI","금속","160800","-2400","-1.47","456077040000"
"003030","세아제강지주","KOSPI","기타금융","234000","2500","1.08","969147738000"
"019440","세아특수강","KOSPI","금속","15280","100","0.66","130949600000"
"058650","세아홀딩스","KOSPI","금속","141200","6400","4.75","564800000000"
"013000","세우글로벌","KOSPI","유통","1136","16","1.43","32608915216"
"091090","세원이앤씨","KOSPI","금속","1270","0","0.00","66998498210"
"021820","세원정공","KOSPI","운송장비·부품","12030","470","4.07","120300000000"
"067830","세이브존I&C","KOSPI","유통","2840","110","4.03","116556141800"
"075580","세진중공업","KOSPI","운송장비·부품","10900","260","2.44","619659070400"
"068270","셀트리온","KOSPI","제약","176100","600","0.34","39169211203800"
"336370","솔루스첨단소재","KOSPI","전기·전자","8500","80","0.95","596847424000"
"33637K","솔루스첨단소재1우","KOSPI","전기·전자","1782","36","2.06","30131421012"
"33637L","솔루스첨단소재2우B","KOSPI","전기·전자","4170","0","0.00","15755494320"
"248070","솔루엠","KOSPI","전기·전자","16890","200","1.20","807616226040"
"004430","송원산업","KOSPI","화학","12430","-120","-0.96","298320000000"
"017550","수산세보틱스","KOSPI","기계·장비","1815","10","0.55","113254420950"
"126720","수산인더스트리","KOSPI","건설","25000","250","1.01","357150000000"
"053210","스카이라이프","KOSPI","오락·문화","5260","210","4.16","249970743300"
"204210","스타에스엠리츠","KOSPI","부동산","2035","0","0.00","15927568525"
"026890","스틱인베스트먼트","KOSPI","기타금융","11980","1140","10.52","499304536500"
"134790","시디즈","KOSPI","기타제조","31350","400","1.29","62700000000"
"462870","시프트업","KOSPI","IT 서비스","43400","-550","-1.25","2551126648000"
"016590","신대양제지","KOSPI","종이·목재","15170","1870","14.06","611317929400"
"029530","신도리코","KOSPI","전기·전자","53700","1800","3.47","541297557300"
"004970","신라교역","KOSPI","농업, 임업 및 어업","10480","230","2.24","167680000000"
"011930","신성이엔지","KOSPI","전기·전자","1517","27","1.81","312271645067"
"005390","신성통상","KOSPI","유통","4080","-5","-0.12","586330231200"
"004170","신세계","KOSPI","유통","188600","3000","1.62","1819081136600"
"035510","신세계 I&C","KOSPI","IT 서비스","18030","310","1.75","252075627000"
"031430","신세계인터내셔날","KOSPI","유통","12580","30","0.24","444614940000"
"031440","신세계푸드","KOSPI","일반서비스","41900","1600","3.97","162256912000"
"006880","신송홀딩스","KOSPI","유통","8420","270","3.31","99598984360"
"005800","신영와코루","KOSPI","섬유·의류","13950","660","4.97","125550000000"
"001720","신영증권","KOSPI","증권","166400","24400","17.18","2735616000000"
"009270","신원","KOSPI","섬유·의류","1840","58","3.25","203551530880"
"002700","신일전자","KOSPI","유통","1564","-24","-1.51","111118322844"
"002870","신풍","KOSPI","유통","1312","-26","-1.94","45865814400"
"019170","신풍제약","KOSPI","제약","14460","10","0.07","766162955400"
"019175","신풍제약우","KOSPI","제약","31550","750","2.44","69410000000"
"481850","신한글로벌액티브리츠","KOSPI","기타금융","1450","0","0.00","63042612800"
"404990","신한서부티엔디리츠","KOSPI","부동산","3700","50","1.37","208146215800"
"293940","신한알파리츠","KOSPI","부동산","5650","60","1.07","683311694950"
"055550","신한지주","KOSPI","기타금융","69800","-1300","-1.83","34609776137000"
"004080","신흥","KOSPI","유통","14500","10","0.07","137750000000"
"102280","쌍방울","KOSPI","섬유·의류","2690","0","0.00","70637274900"
"004770","써니전자","KOSPI","전기·전자","1852","27","1.48","67973741168"
"403550","쏘카","KOSPI","일반서비스","13170","90","0.69","432527849340"
"004920","씨아이테크","KOSPI","전기·전자","1289","-21","-1.60","64534807177"
"112610","씨에스윈드","KOSPI","금속","45850","-1250","-2.65","1933558827550"
"480370","씨케이솔루션","KOSPI","건설","11720","110","0.95","128156570920"
"308170","씨티알모빌리티","KOSPI","운송장비·부품","5480","-160","-2.84","47182800000"
"008700","아남전자","KOSPI","전기·전자","1501","-9","-0.60","115764354820"
"090430","아모레퍼시픽","KOSPI","화학","134700","1400","1.05","7878974637300"
"090435","아모레퍼시픽우","KOSPI","화학","43650","250","0.58","460849279500"
"002790","아모레퍼시픽홀딩스","KOSPI","화학","32150","450","1.42","2554580487000"
"00279K","아모레퍼시픽홀딩스3우C","KOSPI","화학","24300","50","0.21","172340460000"
"002795","아모레퍼시픽홀딩스우","KOSPI","화학","13310","420","3.26","85766578700"
"002030","아세아","KOSPI","일반서비스","330500","6500","2.01","688808270000"
"183190","아세아시멘트","KOSPI","비금속","12450","260","2.13","464967286500"
"002310","아세아제지","KOSPI","종이·목재","8640","220","2.61","359704886400"
"012170","아센디오","KOSPI","오락·문화","3045","85","2.87","33110547435"
"267850","아시아나IDT","KOSPI","IT 서비스","12180","110","0.91","135198000000"
"020560","아시아나항공","KOSPI","운송·창고","9810","-110","-1.11","2020768874910"
"122900","아이마켓코리아","KOSPI","유통","8450","90","1.08","282473698000"
"010780","아이에스동서","KOSPI","비금속","22150","850","3.99","668641518400"
"031820","아이티센씨티에스","KOSPI","IT 서비스","667","8","1.21","80741327822"
"139990","아주스틸","KOSPI","금속","4070","10","0.25","157734534980"
"009320","아진전자부품","KOSPI","운송장비·부품","1004","-1","-0.10","49496969080"
"001780","알루코","KOSPI","금속","2370","45","1.94","229487412840"
"018250","애경산업","KOSPI","화학","16500","20","0.12","435763927500"
"161000","애경케미칼","KOSPI","화학","12460","-340","-2.66","606162914140"
"011090","에넥스","KOSPI","기타제조","672","14","2.13","40314382752"
"137310","에스디바이오센서","KOSPI","의료·정밀기기","10290","140","1.38","1252798259580"
"005850","에스엘","KOSPI","운송장비·부품","31850","-250","-0.78","1479385362000"
"010580","에스엠벡셀","KOSPI","운송장비·부품","1701","91","5.65","189239243760"
"012750","에스원","KOSPI","일반서비스","72000","1700","2.42","2735940816000"
"023960","에쓰씨엔지니어링","KOSPI","건설","1332","33","2.54","46698037884"
"298690","에어부산","KOSPI","운송·창고","2200","20","0.92","256608000000"
"140910","에이리츠","KOSPI","부동산","3130","0","0.00","13969290160"
"078520","에이블씨엔씨","KOSPI","화학","9340","500","5.66","242972263740"
"015260","에이엔피","KOSPI","전기·전자","423","-10","-2.31","19084446162"
"007460","에이프로젠","KOSPI","금속","656","-1","-0.15","204558299456"
"003060","에이프로젠바이오로직스","KOSPI","제약","657","1","0.15","130353954165"
"244920","에이플러스에셋","KOSPI","기타금융","6270","130","2.12","141750235110"
"278470","에이피알","KOSPI","화학","163300","2100","1.30","6212594181500"
"450080","에코프로머티","KOSPI","전기·전자","48200","50","0.10","3370742836800"
"019490","엑시큐어하이트론","KOSPI","전기·전자","643","23","3.71","49145949610"
"036570","엔씨소프트","KOSPI","IT 서비스","207500","-2000","-0.95","4470384565000"
"085310","엔케이","KOSPI","금속","838","8","0.96","66101709836"
"900140","엘브이엠씨홀딩스","KOSPI","유통","2010","0","0.00","388413268320"
"066970","엘앤에프","KOSPI","전기·전자","52500","500","0.96","1906599135000"
"097520","엠씨넥스","KOSPI","전기·전자","26500","200","0.76","476409898000"
"484870","엠앤씨솔루션","KOSPI","기계·장비","158000","9000","6.04","1446316200000"
"014440","영보화학","KOSPI","화학","4555","10","0.22","91100000000"
"111770","영원무역","KOSPI","유통","59200","-100","-0.17","2623238905600"
"009970","영원무역홀딩스","KOSPI","기타금융","139100","3800","2.81","1877743866700"
"003520","영진약품","KOSPI","제약","2230","15","0.68","407850790130"
"000670","영풍","KOSPI","금속","45950","-200","-0.43","878033277500"
"006740","영풍제지","KOSPI","종이·목재","1084","8","0.74","60603424312"
"012280","영화금속","KOSPI","운송장비·부품","861","-1","-0.12","44483138805"
"012160","영흥","KOSPI","금속","645","40","6.61","65345189940"
"007310","오뚜기","KOSPI","음식료·담배","405000","5500","1.38","1623171150000"
"002630","오리엔트바이오","KOSPI","제약","779","-16","-2.01","92376160895"
"271560","오리온","KOSPI","음식료·담배","121600","3400","2.88","4807593651200"
"001800","오리온홀딩스","KOSPI","기타금융","24500","950","4.03","1534812839000"
"005320","온타이드","KOSPI","유통","590","0","0.00","39838110390"
"011690","와이투솔루션","KOSPI","전기·전자","3455","65","1.92","126364531270"
"316140","우리금융지주","KOSPI","기타금융","24900","-500","-1.97","18490528374900"
"006980","우성","KOSPI","음식료·담배","18210","270","1.51","56268900000"
"017370","우신시스템","KOSPI","기계·장비","7920","60","0.76","145047307680"
"105840","우진","KOSPI","의료·정밀기기","10170","-160","-1.55","205410303900"
"010400","우진아이엔에스","KOSPI","건설","2725","25","0.93","20769950000"
"049800","우진플라임","KOSPI","기계·장비","2000","-10","-0.50","40000000000"
"016880","웅진","KOSPI","일반서비스","2760","100","3.76","220598740800"
"095720","웅진씽크빅","KOSPI","일반서비스","2275","40","1.79","262776115875"
"005820","원림","KOSPI","섬유·의류","16550","440","2.73","38031403500"
"010600","웰바이오텍","KOSPI","유통","545","0","0.00","49553256815"
"008600","윌비스","KOSPI","유통","452","0","0.00","30390689628"
"033270","유나이티드제약","KOSPI","제약","21300","150","0.71","347910408600"
"014830","유니드","KOSPI","화학","92000","500","0.55","622619200000"
"446070","유니드비티플러스","KOSPI","종이·목재","4420","10","0.23","46901570300"
"000910","유니온","KOSPI","비금속","4715","5","0.11","73608783585"
"047400","유니온머티리얼","KOSPI","비금속","1592","-2","-0.13","66864000000"
"011330","유니켐","KOSPI","섬유·의류","1617","0","0.00","157304421582"
"077500","유니퀘스트","KOSPI","유통","5930","30","0.51","128088604860"
"002920","유성기업","KOSPI","운송장비·부품","2300","20","0.88","59679250000"
"000700","유수홀딩스","KOSPI","일반서비스","6360","140","2.25","165625924320"
"003470","유안타증권","KOSPI","증권","4230","200","4.96","844293516480"
"003475","유안타증권우","KOSPI","증권","4100","230","5.94","52940069200"
"072130","유엔젤","KOSPI","IT 서비스","5420","190","3.63","69893360680"
"000220","유유제약","KOSPI","제약","4655","50","1.09","79285593905"
"000225","유유제약1우","KOSPI","제약","5160","20","0.39","11697358800"
"000227","유유제약2우B","KOSPI","제약","10450","-130","-1.23","3402102000"
"001200","유진투자증권","KOSPI","증권","3965","205","5.45","384075347370"
"000100","유한양행","KOSPI","제약","109200","2800","2.63","8732553320400"
"000105","유한양행우","KOSPI","제약","96600","1200","1.26","114078804000"
"003460","유화증권","KOSPI","증권","3165","280","9.71","179463143475"
"003465","유화증권우","KOSPI","증권","2780","100","3.73","48584461500"
"008730","율촌화학","KOSPI","화학","29000","-750","-2.52","719200000000"
"008250","이건산업","KOSPI","종이·목재","5750","50","0.88","62977651250"
"025820","이구산업","KOSPI","금속","5610","685","13.91","187609620000"
"214320","이노션","KOSPI","일반서비스","20950","400","1.95","838000000000"
"088260","이리츠코크렙","KOSPI","부동산","4540","10","0.22","287570818600"
"139480","이마트","KOSPI","유통","99300","5000","5.30","2740264826700"
"457190","이수스페셜티케미컬","KOSPI","화학","42350","500","1.19","1279320658000"
"007660","이수페타시스","KOSPI","전기·전자","58800","0","0.00","4316462077200"
"005950","이수화학","KOSPI","화학","6200","20","0.32","163023847800"
"015020","이스타코","KOSPI","부동산","711","-11","-1.52","30467487600"
"093230","이아이디","KOSPI","유통","1392","0","0.00","354103029120"
"074610","이엔플러스","KOSPI","기계·장비","511","0","0.00","37494486519"
"102460","이연제약","KOSPI","제약","12070","110","0.92","224342808770"
"084680","이월드","KOSPI","기타제조","1715","18","1.06","243197620995"
"350520","이지스레지던스리츠","KOSPI","부동산","4130","-10","-0.24","152257414260"
"334890","이지스밸류플러스리츠","KOSPI","부동산","4710","20","0.43","242298738990"
"000760","이화산업","KOSPI","유통","12950","-10","-0.08","36260000000"
"014990","인디에프","KOSPI","섬유·의류","1432","-56","-3.76","107561808840"
"101140","인바이오젠","KOSPI","유통","11050","-220","-1.95","110988586800"
"006490","인스코비","KOSPI","통신","1453","22","1.54","180900063428"
"023800","인지컨트롤스","KOSPI","운송장비·부품","6030","10","0.17","95329457910"
"034590","인천도시가스","KOSPI","전기·가스","26200","200","0.77","114618554800"
"129260","인터지스","KOSPI","운송·창고","3095","35","1.14","92069670030"
"023810","인팩","KOSPI","운송장비·부품","6180","30","0.49","61800000000"
"249420","일동제약","KOSPI","제약","19280","2170","12.68","541045019280"
"000230","일동홀딩스","KOSPI","제약","9230","490","5.61","106517892000"
"013360","일성건설","KOSPI","건설","1758","-22","-1.24","94975739040"
"003120","일성아이에스","KOSPI","제약","28450","3350","13.35","378385000000"
"003200","일신방직","KOSPI","섬유·의류","11350","90","0.80","260596000000"
"007110","일신석재","KOSPI","유통","2405","-5","-0.21","186283147050"
"007570","일양약품","KOSPI","제약","13740","170","1.25","262237023360"
"007575","일양약품우","KOSPI","제약","14300","80","0.56","6364644000"
"008500","일정실업","KOSPI","섬유·의류","12660","310","2.51","15192000000"
"081000","일진다이아","KOSPI","화학","13110","-180","-1.35","186201002250"
"020760","일진디스플","KOSPI","전기·전자","1044","-2","-0.19","53780345604"
"103590","일진전기","KOSPI","전기·전자","38700","800","2.11","1845424593000"
"271940","일진하이솔루스","KOSPI","운송장비·부품","15980","-40","-0.25","580284776200"
"015860","일진홀딩스","KOSPI","기타금융","6180","10","0.16","304967444940"
"226320","잇츠한불","KOSPI","화학","14300","560","4.08","313589204500"
"317400","자이에스앤디","KOSPI","부동산","3700","75","2.07","143495324000"
"033240","자화전자","KOSPI","전기·전자","16410","-620","-3.64","357026396760"
"000950","전방","KOSPI","섬유·의류","44650","5700","14.63","75012000000"
"079900","전진건설로봇","KOSPI","기계·장비","51400","0","0.00","750056813000"
"348950","제이알글로벌리츠","KOSPI","부동산","2615","5","0.19","516138240000"
"194370","제이에스코퍼레이션","KOSPI","섬유·의류","13920","-320","-2.25","402389602080"
"025620","제이준코스메틱","KOSPI","화학","7370","-70","-0.94","59186612760"
"030000","제일기획","KOSPI","일반서비스","21700","750","3.58","2496394582500"
"271980","제일약품","KOSPI","제약","14720","240","1.66","216455715840"
"001560","제일연마","KOSPI","비금속","10740","830","8.38","105252000000"
"002620","제일파마홀딩스","KOSPI","일반서비스","9020","150","1.69","144079662100"
"006220","제주은행","KOSPI","은행","15810","-10","-0.06","597595186170"
"089590","제주항공","KOSPI","운송·창고","7240","-10","-0.14","583840731400"
"004910","조광페인트","KOSPI","화학","5750","140","2.50","73600000000"
"004700","조광피혁","KOSPI","섬유·의류","78700","14200","22.02","523287160600"
"001550","조비","KOSPI","화학","14340","-10","-0.07","74456707260"
"462520","조선내화","KOSPI","비금속","13690","-110","-0.80","162297249920"
"120030","조선선재","KOSPI","금속","105200","5100","5.09","132304885200"
"018470","조일알미늄","KOSPI","금속","1533","19","1.25","194126428293"
"002600","조흥","KOSPI","음식료·담배","156600","400","0.26","93960000000"
"185750","종근당","KOSPI","제약","84400","-400","-0.47","1164954632000"
"063160","종근당바이오","KOSPI","제약","23100","750","3.36","126725722200"
"001630","종근당홀딩스","KOSPI","제약","53100","-500","-0.93","266023619100"
"109070","주성코퍼레이션","KOSPI","전기·전자","849","-7","-0.82","44835885270"
"044380","주연테크","KOSPI","전기·전자","408","8","2.00","27092771616"
"013890","지누스","KOSPI","기타제조","18700","310","1.69","416160571200"
"013870","지엠비코리아","KOSPI","운송장비·부품","4100","30","0.74","78196348000"
"071320","지역난방공사","KOSPI","전기·가스","90500","2500","2.84","1047876332000"
"088790","진도","KOSPI","유통","2085","65","3.22","25953546240"
"003780","진양산업","KOSPI","화학","5700","90","1.60","74100000000"
"010640","진양폴리","KOSPI","화학","3970","5","0.13","39700000000"
"100250","진양홀딩스","KOSPI","화학","3415","65","1.94","190882422180"
"051630","진양화학","KOSPI","화학","2015","20","1.00","42718000000"
"272450","진에어","KOSPI","운송·창고","9320","-80","-0.85","486504000000"
"011000","진원생명과학","KOSPI","제약","2415","-45","-1.83","205074755445"
"002780","진흥기업","KOSPI","건설","781","3","0.39","113613432845"
"002787","진흥기업2우B","KOSPI","건설","7870","0","0.00","2320138960"
"002785","진흥기업우B","KOSPI","건설","3575","10","0.28","3064554350"
"009310","참엔지니어링","KOSPI","기계·장비","1370","7","0.51","23253671710"
"000650","천일고속","KOSPI","운송·창고","42200","-1150","-2.65","60313084000"
"033250","체시스","KOSPI","운송장비·부품","1210","-45","-3.59","38720000000"
"035720","카카오","KOSPI","IT 서비스","60500","-300","-0.49","26726873310500"
"323410","카카오뱅크","KOSPI","은행","30250","200","0.67","14428930469250"
"377300","카카오페이","KOSPI","기타금융","85000","3000","3.66","11449217970000"
"006380","카프로","KOSPI","화학","3660","0","0.00","618539985360"
"001620","케이비아이동국실업","KOSPI","운송장비·부품","515","7","1.38","57315910965"
"029460","케이씨","KOSPI","의료·정밀기기","24350","550","2.31","322181254050"
"281820","케이씨텍","KOSPI","의료·정밀기기","27500","-300","-1.08","568983882500"
"381970","케이카","KOSPI","유통","15560","50","0.32","749713055880"
"145270","케이탑리츠","KOSPI","부동산","960","4","0.42","46138343040"
"417310","코람코더원리츠","KOSPI","부동산","5340","-60","-1.11","215736000000"
"357120","코람코라이프인프라리츠","KOSPI","부동산","4500","0","0.00","438009093000"
"007815","코리아써우","KOSPI","전기·전자","6060","0","0.00","17966021400"
"007810","코리아써키트","KOSPI","전기·전자","11180","-170","-1.50","264079996180"
"00781K","코리아써키트2우B","KOSPI","전기·전자","5600","50","0.90","4388714400"
"003690","코리안리","KOSPI","보험","11280","780","7.43","2197581229680"
"192820","코스맥스","KOSPI","화학","261000","2500","0.97","2962221849000"
"044820","코스맥스비티아이","KOSPI","기타금융","20900","1300","6.63","200721948900"
"005070","코스모신소재","KOSPI","화학","35600","-400","-1.11","1157382913600"
"005420","코스모화학","KOSPI","화학","15090","-170","-1.11","579580160520"
"071950","코아스","KOSPI","기타제조","8640","-270","-3.03","28431820800"
"002020","코오롱","KOSPI","기타금융","48750","1500","3.17","615538267500"
"138490","코오롱ENP","KOSPI","화학","6900","0","0.00","262200000000"
"003070","코오롱글로벌","KOSPI","건설","10280","80","0.78","194628289640"
"003075","코오롱글로벌우","KOSPI","건설","16350","-120","-0.73","12111049950"
"450140","코오롱모빌리티그룹","KOSPI","유통","2565","40","1.58","161023646250"
"45014K","코오롱모빌리티그룹우","KOSPI","유통","4645","200","4.50","11408677400"
"002025","코오롱우","KOSPI","기타금융","24750","550","2.27","26640652500"
"120110","코오롱인더","KOSPI","화학","45200","150","0.33","1243862913200"
"120115","코오롱인더우","KOSPI","화학","24200","0","0.00","66982212000"
"021240","코웨이","KOSPI","일반서비스","100200","-700","-0.69","7205295126600"
"036420","콘텐트리중앙","KOSPI","오락·문화","11220","80","0.72","216123095760"
"024720","콜마홀딩스","KOSPI","기타금융","16200","20","0.12","555599395800"
"192400","쿠쿠홀딩스","KOSPI","기타금융","33500","1800","5.68","1191333197500"
"284740","쿠쿠홈시스","KOSPI","일반서비스","27800","300","1.09","623757774000"
"264900","크라운제과","KOSPI","음식료·담배","9630","-30","-0.31","120604675500"
"26490K","크라운제과우","KOSPI","음식료·담배","10330","-70","-0.67","7990874800"
"005740","크라운해태홀딩스","KOSPI","기타금융","8960","170","1.93","133032229120"
"005745","크라운해태홀딩스우","KOSPI","기타금융","9440","20","0.21","5670853440"
"259960","크래프톤","KOSPI","IT 서비스","360000","-3500","-0.96","17060643360000"
"020120","키다리스튜디오","KOSPI","IT 서비스","3995","50","1.27","148069745170"
"039490","키움증권","KOSPI","증권","232500","5000","2.20","5880207952500"
"014580","태경비케이","KOSPI","비금속","4890","90","1.88","134881359000"
"015890","태경산업","KOSPI","화학","5450","100","1.87","159296687500"
"006890","태경케미컬","KOSPI","화학","11590","-270","-2.28","134444000000"
"003240","태광산업","KOSPI","화학","1128000","26000","2.36","1255915200000"
"011280","태림포장","KOSPI","종이·목재","2155","5","0.23","152586800700"
"004100","태양금속","KOSPI","운송장비·부품","2710","10","0.37","99457000000"
"004105","태양금속우","KOSPI","운송장비·부품","3880","45","1.17","12804000000"
"009410","태영건설","KOSPI","건설","2825","50","1.80","831871744050"
"009415","태영건설우","KOSPI","건설","5730","40","0.70","3724351020"
"001420","태원물산","KOSPI","운송장비·부품","3900","45","1.17","29640000000"
"055490","테이팩스","KOSPI","화학","14250","-20","-0.14","67967512500"
"078000","텔코웨어","KOSPI","IT 서비스","16310","2050","14.38","150705655870"
"214420","토니모리","KOSPI","화학","11170","460","4.30","268692104830"
"019180","티에이치엔","KOSPI","전기·전자","2935","10","0.34","52830000000"
"363280","티와이홀딩스","KOSPI","기타금융","4180","425","11.32","210794340240"
"36328K","티와이홀딩스우","KOSPI","기타금융","6320","660","11.66","7855848480"
"091810","티웨이항공","KOSPI","운송·창고","2025","-5","-0.25","436142426400"
"004870","티웨이홀딩스","KOSPI","비금속","690","5","0.73","78082810860"
"034230","파라다이스","KOSPI","오락·문화","18000","220","1.24","1642148874000"
"005690","파미셀","KOSPI","제약","12320","290","2.41","739408996480"
"036580","팜스코","KOSPI","음식료·담배","3200","-5","-0.16","117529417600"
"004720","팜젠사이언스","KOSPI","제약","4365","50","1.16","80795202795"
"028670","팬오션","KOSPI","운송·창고","3980","100","2.58","2127586657760"
"010820","퍼스텍","KOSPI","금속","3950","195","5.19","192649155100"
"016800","퍼시스","KOSPI","기타제조","47300","2300","5.11","543950000000"
"001020","페이퍼코리아","KOSPI","종이·목재","723","0","0.00","128681935299"
"090080","평화산업","KOSPI","운송장비·부품","1142","48","4.39","62698379778"
"010770","평화홀딩스","KOSPI","운송장비·부품","5970","-400","-6.28","87314032020"
"022100","포스코DX","KOSPI","일반서비스","23750","450","1.93","3610824813750"
"058430","포스코스틸리온","KOSPI","금속","41000","-100","-0.24","246000000000"
"047050","포스코인터내셔널","KOSPI","유통","50800","500","0.99","8936877630400"
"003670","포스코퓨처엠","KOSPI","전기·전자","123200","-1100","-0.88","9543468704000"
"017810","풀무원","KOSPI","음식료·담배","12600","90","0.72","480318829200"
"103140","풍산","KOSPI","금속","127800","5600","4.58","3581502728400"
"005810","풍산홀딩스","KOSPI","기타금융","52200","3550","7.30","752582642400"
"950210","프레스티지바이오파마","KOSPI","일반서비스","18980","760","4.17","1140625021900"
"009810","플레이그램","KOSPI","유통","348","-2","-0.57","52856850000"
"086790","하나금융지주","KOSPI","기타금융","94100","-400","-0.42","26792517954900"
"293480","하나제약","KOSPI","제약","12390","210","1.72","220206800940"
"039130","하나투어","KOSPI","일반서비스","57200","0","0.00","886024110400"
"352820","하이브","KOSPI","오락·문화","277000","-4500","-1.60","11537630869000"
"071090","하이스틸","KOSPI","금속","4325","-175","-3.89","87328112075"
"000080","하이트진로","KOSPI","음식료·담배","21650","150","0.70","1518392678150"
"000087","하이트진로2우B","KOSPI","음식료·담배","16150","210","1.32","18251728700"
"000140","하이트진로홀딩스","KOSPI","기타금융","11350","440","4.03","263396782750"
"000145","하이트진로홀딩스우","KOSPI","기타금융","13480","440","3.37","6346518800"
"152550","한국ANKOR유전","KOSPI","기타금융","252","2","0.80","17645040000"
"036460","한국가스공사","KOSPI","전기·가스","44800","0","0.00","4135622400000"
"005430","한국공항","KOSPI","운송·창고","55500","1300","2.40","175732702500"
"071050","한국금융지주","KOSPI","기타금융","151800","8300","5.78","8459205585600"
"071055","한국금융지주우","KOSPI","기타금융","98800","4100","4.33","578795198800"
"010040","한국내화","KOSPI","비금속","2415","10","0.42","99176954730"
"025540","한국단자","KOSPI","전기·전자","64700","100","0.15","654440500000"
"010100","한국무브넥스","KOSPI","운송장비·부품","4695","-15","-0.32","142964721900"
"004090","한국석유","KOSPI","비금속","14190","190","1.36","180129562800"
"002200","한국수출포장","KOSPI","종이·목재","3005","-15","-0.50","120200000000"
"002960","한국쉘석유","KOSPI","화학","447000","16000","3.71","581100000000"
"000240","한국앤컴퍼니","KOSPI","기타금융","21900","950","4.53","2079081756000"
"123890","한국자산신탁","KOSPI","기타금융","2625","45","1.74","321231555750"
"015760","한국전력","KOSPI","전기·가스","37550","-1100","-2.85","24105751091350"
"006200","한국전자홀딩스","KOSPI","기타금융","787","8","1.03","36834068032"
"027970","한국제지","KOSPI","종이·목재","810","0","0.00","154044371970"
"023350","한국종합기술","KOSPI","일반서비스","5400","30","0.56","59130000000"
"025890","한국주강","KOSPI","기계·장비","1981","-24","-1.20","22403642079"
"000970","한국주철관","KOSPI","금속","7240","90","1.26","165075620000"
"104700","한국철강","KOSPI","금속","9670","230","2.44","352471500000"
"017960","한국카본","KOSPI","금속","23550","200","0.86","1222444044600"
"161890","한국콜마","KOSPI","화학","106000","3400","3.31","2502138162000"
"161390","한국타이어앤테크놀로지","KOSPI","화학","43600","50","0.11","5400953008400"
"034830","한국토지신탁","KOSPI","기타금융","1287","24","1.90","324953639010"
"007280","한국특강","KOSPI","금속","1535","-5","-0.32","93348432385"
"047810","한국항공우주","KOSPI","운송장비·부품","86900","800","0.93","8470586798300"
"123690","한국화장품","KOSPI","유통","9060","50","0.55","145576080000"
"003350","한국화장품제조","KOSPI","화학","59000","3700","6.69","267388000000"
"011500","한농화성","KOSPI","화학","14550","20","0.14","227518961100"
"002390","한독","KOSPI","제약","11750","90","0.77","161721512750"
"053690","한미글로벌","KOSPI","일반서비스","20650","300","1.47","226273407500"
"042700","한미반도체","KOSPI","기계·장비","94600","-1400","-1.46","9016534120000"
"008930","한미사이언스","KOSPI","기타금융","45550","3700","8.84","3115235102500"
"128940","한미약품","KOSPI","제약","281500","-500","-0.18","3606293966500"
"009240","한샘","KOSPI","유통","50200","5400","12.05","1181403185600"
"020000","한섬","KOSPI","섬유·의류","17190","200","1.18","385704870930"
"003680","한성기업","KOSPI","음식료·담배","5060","10","0.20","31420145900"
"105630","한세실업","KOSPI","섬유·의류","11090","210","1.93","443600000000"
"069640","한세엠케이","KOSPI","유통","1634","272","19.97","49194024268"
"016450","한세예스24홀딩스","KOSPI","섬유·의류","4665","90","1.97","186600000000"
"010420","한솔PNS","KOSPI","유통","1874","1","0.05","38403904488"
"009180","한솔로지스틱스","KOSPI","운송·창고","2725","5","0.18","76724623125"
"213500","한솔제지","KOSPI","종이·목재","9060","170","1.91","215633218560"
"014680","한솔케미칼","KOSPI","화학","168800","-1200","-0.71","1913380916000"
"004710","한솔테크닉스","KOSPI","전기·전자","6300","70","1.12","202292231400"
"004150","한솔홀딩스","KOSPI","기타금융","3355","75","2.29","137644310100"
"025750","한솔홈데코","KOSPI","종이·목재","751","11","1.49","60504426899"
"004960","한신공영","KOSPI","건설","8560","100","1.18","99045209120"
"011700","한신기계","KOSPI","기계·장비","3710","-20","-0.54","120375220210"
"001750","한양증권","KOSPI","증권","19740","900","4.78","251261261160"
"001755","한양증권우","KOSPI","증권","18280","680","3.86","9597000000"
"018880","한온시스템","KOSPI","기계·장비","3195","-20","-0.62","2168646353640"
"009420","한올바이오파마","KOSPI","제약","25400","250","0.99","1326912205200"
"014130","한익스프레스","KOSPI","운송·창고","3575","-20","-0.56","42900000000"
"300720","한일시멘트","KOSPI","비금속","18620","290","1.58","1289649874800"
"002220","한일철강","KOSPI","금속","2640","-45","-1.68","70481294400"
"006390","한일현대시멘트","KOSPI","비금속","19340","420","2.22","373797176480"
"003300","한일홀딩스","KOSPI","비금속","18260","300","1.67","563008461840"
"051600","한전KPS","KOSPI","건설","55600","100","0.18","2502000000000"
"052690","한전기술","KOSPI","일반서비스","92100","200","0.22","3520062000000"
"130660","한전산업","KOSPI","일반서비스","13440","-50","-0.37","438144000000"
"002320","한진","KOSPI","운송·창고","21350","150","0.71","319214930650"
"003480","한진중공업홀딩스","KOSPI","전기·가스","5550","40","0.73","163890456600"
"180640","한진칼","KOSPI","기타금융","122500","3500","2.94","8178379177500"
"18064K","한진칼우","KOSPI","기타금융","39550","850","2.20","21229095300"
"005110","한창","KOSPI","유통","1254","0","0.00","26467434378"
"009460","한창제지","KOSPI","종이·목재","720","-3","-0.41","42960589920"
"372910","한컴라이프케어","KOSPI","의료·정밀기기","3145","5","0.16","87036006870"
"000880","한화","KOSPI","화학","92300","3400","3.82","6918691240500"
"00088K","한화3우B","KOSPI","화학","38950","1800","4.85","755802976950"
"452260","한화갤러리아","KOSPI","유통","1269","4","0.32","246007845090"
"45226K","한화갤러리아우","KOSPI","유통","2395","15","0.63","6956205650"
"451800","한화리츠","KOSPI","부동산","4015","20","0.50","721094000000"
"489790","한화비전","KOSPI","기타금융","53100","-600","-1.12","2680933509000"
"088350","한화생명","KOSPI","보험","3755","355","10.44","3261330150000"
"000370","한화손해보험","KOSPI","보험","6100","230","3.92","712107381500"
"009830","한화솔루션","KOSPI","화학","33350","-1950","-5.52","5732616075600"
"009835","한화솔루션우","KOSPI","화학","26800","-900","-3.25","69019353200"
"272210","한화시스템","KOSPI","전기·전자","55600","2600","4.91","10503918028400"
"012450","한화에어로스페이스","KOSPI","운송장비·부품","850000","35000","4.29","40201770850000"
"082740","한화엔진","KOSPI","기계·장비","26750","600","2.29","2232211048500"
"042660","한화오션","KOSPI","운송장비·부품","78100","1400","1.83","23930886071400"
"000885","한화우","KOSPI","화학","42000","400","0.96","8359386000"
"003530","한화투자증권","KOSPI","증권","6980","410","6.24","1497543469500"
"003535","한화투자증권우","KOSPI","증권","9160","390","4.45","43968000000"
"195870","해성디에스","KOSPI","전기·전자","28200","-150","-0.53","479400000000"
"101530","해태제과식품","KOSPI","음식료·담배","7910","30","0.38","230314062020"
"143210","핸즈코퍼레이션","KOSPI","운송장비·부품","1675","39","2.38","36641876225"
"000720","현대건설","KOSPI","건설","73800","100","0.14","8218055457000"
"000725","현대건설우","KOSPI","건설","61500","1200","1.99","64863619500"
"453340","현대그린푸드","KOSPI","유통","17660","-20","-0.11","585173636400"
"086280","현대글로비스","KOSPI","운송·창고","142100","1400","1.00","10657500000000"
"064350","현대로템","KOSPI","운송장비·부품","195700","11300","6.13","21359146740100"
"079430","현대리바트","KOSPI","기타제조","8490","250","3.03","174344544180"
"012330","현대모비스","KOSPI","운송장비·부품","309500","4500","1.48","28410581593000"
"069960","현대백화점","KOSPI","유통","78300","1000","1.29","1771836057900"
"004560","현대비앤지스틸","KOSPI","금속","12820","50","0.39","193310357020"
"004310","현대약품","KOSPI","제약","3515","40","1.15","112480000000"
"017800","현대엘리베이터","KOSPI","기계·장비","83200","0","0.00","3252486432000"
"307950","현대오토에버","KOSPI","IT 서비스","168400","-400","-0.24","4618198568800"
"011210","현대위아","KOSPI","운송장비·부품","47400","300","0.64","1289046934200"
"004020","현대제철","KOSPI","금속","33450","-750","-2.19","4463761508250"
"005440","현대지에프홀딩스","KOSPI","기타금융","9420","420","4.67","1468618515420"
"005380","현대차","KOSPI","운송장비·부품","209500","-1500","-0.71","42896751977000"
"005387","현대차2우B","KOSPI","운송장비·부품","161400","-300","-0.19","5643178302000"
"005389","현대차3우B","KOSPI","운송장비·부품","157300","0","0.00","366108199600"
"005385","현대차우","KOSPI","운송장비·부품","158000","500","0.32","3687871680000"
"001500","현대차증권","KOSPI","증권","9430","800","9.27","583085604920"
"011760","현대코퍼레이션","KOSPI","유통","26950","250","0.94","356520633700"
"227840","현대코퍼레이션홀딩스","KOSPI","유통","13800","370","2.76","125591536800"
"126560","현대퓨처넷","KOSPI","통신","3545","130","3.81","390669440025"
"001450","현대해상","KOSPI","보험","27550","-100","-0.36","2462970000000"
"057050","현대홈쇼핑","KOSPI","유통","58000","1300","2.29","696000000000"
"093240","형지엘리트","KOSPI","섬유·의류","3445","-190","-5.23","132254442255"
"003010","혜인","KOSPI","유통","5240","0","0.00","66614794280"
"111110","호전실업","KOSPI","섬유·의류","8770","210","2.45","82227520000"
"008770","호텔신라","KOSPI","유통","50100","-500","-0.99","1966330862100"
"008775","호텔신라우","KOSPI","유통","43700","-100","-0.23","32857112300"
"378850","화승알앤에이","KOSPI","운송장비·부품","3305","30","0.92","62773924015"
"241590","화승엔터프라이즈","KOSPI","섬유·의류","8420","120","1.45","510161703920"
"006060","화승인더","KOSPI","유통","5110","10","0.20","282685200000"
"013520","화승코퍼레이션","KOSPI","운송장비·부품","2120","30","1.44","106108654240"
"010690","화신","KOSPI","운송장비·부품","8350","-110","-1.30","291585423500"
"133820","화인베스틸","KOSPI","금속","900","15","1.69","27743506200"
"010660","화천기계","KOSPI","기계·장비","5440","100","1.87","119680000000"
"000850","화천기공","KOSPI","기계·장비","33650","550","1.66","74030000000"
"016580","환인제약","KOSPI","제약","12560","330","2.70","233616879200"
"032560","황금에스티","KOSPI","금속","6210","140","2.31","105570000000"
"004800","효성","KOSPI","기타금융","75300","2200","3.01","1260552647100"
"094280","효성ITX","KOSPI","일반서비스","13490","320","2.43","155920118000"
"298040","효성중공업","KOSPI","전기·전자","943000","-17000","-1.77","8793048764000"
"298020","효성티앤씨","KOSPI","화학","258500","-500","-0.19","1118705797000"
"298000","효성화학","KOSPI","화학","38900","0","0.00","147501447900"
"093370","후성","KOSPI","화학","4845","10","0.21","519652073850"
"005870","휴니드","KOSPI","전기·전자","9210","270","3.02","130008498150"
"079980","휴비스","KOSPI","화학","3400","60","1.80","117300000000"
"005010","휴스틸","KOSPI","금속","4815","-105","-2.13","270545581125"
"000540","흥국화재","KOSPI","보험","4630","255","5.83","297443446350"
"000545","흥국화재우","KOSPI","보험","7390","220","3.07","5675520000"
"003280","흥아해운","KOSPI","운송·창고","1848","25","1.37","444305213352"